{
    "paginacao": {
        "offset": 0,
        "limit": 2000,
        "count": 134
    },
    "filtros": {
        "nuPropostaSeguridade": null,
        "sgSituacaoProposta": null,
        "dataInicio": null,
        "dataFim": null
    },
    "timestamp": "07/05/2025 14:29:42",
    "propostas": [
        {
            "dataEvolucao": "06/05/2025 10:57:20",
            "contrato": "12583",
            "nuPropostaSeguridade": 11304,
            "sgSituacaoProposta": "ENV",
            "deSituacaoProposta": "PROPOSTA VENDIDA",
            "deAcaoFluxoServico": "GRAVAR PROPOSTA NO SIGPF",
            "deFluxoServicoSeguridade": "CONTRATACAO",
            "deMotivoSistema": null,
            "icMonitoracao": "S",
            "icNegocial": "S"
        },
        {
            "dataEvolucao": "06/05/2025 10:57:19",
            "contrato": "12578",
            "nuPropostaSeguridade": 11302,
            "sgSituacaoProposta": "ENV",
            "deSituacaoProposta": "PROPOSTA VENDIDA",
            "deAcaoFluxoServico": "GRAVAR PROPOSTA NO SIGPF",
            "deFluxoServicoSeguridade": "CONTRATACAO",
            "deMotivoSistema": null,
            "icMonitoracao": "S",
            "icNegocial": "S"
        },
        {
            "dataEvolucao": "06/05/2025 10:57:19",
            "contrato": "12576",
            "nuPropostaSeguridade": 11301,
            "sgSituacaoProposta": "ENV",
            "deSituacaoProposta": "PROPOSTA VENDIDA",
            "deAcaoFluxoServico": "GRAVAR PROPOSTA NO SIGPF",
            "deFluxoServicoSeguridade": "CONTRATACAO",
            "deMotivoSistema": null,
            "icMonitoracao": "S",
            "icNegocial": "S"
        },
        {
            "dataEvolucao": "06/05/2025 10:56:09",
            "contrato": "12606",
            "nuPropostaSeguridade": 11324,
            "sgSituacaoProposta": "GER",
            "deSituacaoProposta": "PROPOSTA GERADA ",
            "deAcaoFluxoServico": "GERAR PROPOSTA NA EMPRESA",
            "deFluxoServicoSeguridade": "CONTRATACAO",
            "deMotivoSistema": null,
            "icMonitoracao": "S",
            "icNegocial": "S"
        },
        {
            "dataEvolucao": "06/05/2025 10:56:08",
            "contrato": "12605",
            "nuPropostaSeguridade": 11323,
            "sgSituacaoProposta": "GER",
            "deSituacaoProposta": "PROPOSTA GERADA ",
            "deAcaoFluxoServico": "GERAR PROPOSTA NA EMPRESA",
            "deFluxoServicoSeguridade": "CONTRATACAO",
            "deMotivoSistema": null,
            "icMonitoracao": "S",
            "icNegocial": "S"
        },
        {
            "dataEvolucao": "06/05/2025 10:56:08",
            "contrato": "12593",
            "nuPropostaSeguridade": 11322,
            "sgSituacaoProposta": "GER",
            "deSituacaoProposta": "PROPOSTA GERADA ",
            "deAcaoFluxoServico": "GERAR PROPOSTA NA EMPRESA",
            "deFluxoServicoSeguridade": "CONTRATACAO",
            "deMotivoSistema": null,
            "icMonitoracao": "S",
            "icNegocial": "S"
        },
        {
            "dataEvolucao": "06/05/2025 10:56:06",
            "contrato": "12580",
            "nuPropostaSeguridade": 11321,
            "sgSituacaoProposta": "GER",
            "deSituacaoProposta": "PROPOSTA GERADA ",
            "deAcaoFluxoServico": "GERAR PROPOSTA NA EMPRESA",
            "deFluxoServicoSeguridade": "CONTRATACAO",
            "deMotivoSistema": null,
            "icMonitoracao": "S",
            "icNegocial": "S"
        },
        {
            "dataEvolucao": "06/05/2025 10:52:01",
            "contrato": "12583",
            "nuPropostaSeguridade": 11308,
            "sgSituacaoProposta": "GER",
            "deSituacaoProposta": "PROPOSTA GERADA ",
            "deAcaoFluxoServico": "GERAR PROPOSTA NA EMPRESA",
            "deFluxoServicoSeguridade": "CONTRATACAO",
            "deMotivoSistema": null,
            "icMonitoracao": "S",
            "icNegocial": "S"
        },
        {
            "dataEvolucao": "06/05/2025 10:52:01",
            "contrato": "12583",
            "nuPropostaSeguridade": 11307,
            "sgSituacaoProposta": "GER",
            "deSituacaoProposta": "PROPOSTA GERADA ",
            "deAcaoFluxoServico": "GERAR PROPOSTA NA EMPRESA",
            "deFluxoServicoSeguridade": "CONTRATACAO",
            "deMotivoSistema": null,
            "icMonitoracao": "S",
            "icNegocial": "S"
        },
        {
            "dataEvolucao": "06/05/2025 10:52:00",
            "contrato": "12583",
            "nuPropostaSeguridade": 11306,
            "sgSituacaoProposta": "GER",
            "deSituacaoProposta": "PROPOSTA GERADA ",
            "deAcaoFluxoServico": "GERAR PROPOSTA NA EMPRESA",
            "deFluxoServicoSeguridade": "CONTRATACAO",
            "deMotivoSistema": null,
            "icMonitoracao": "S",
            "icNegocial": "S"
        },
        {
            "dataEvolucao": "06/05/2025 10:52:00",
            "contrato": "12583",
            "nuPropostaSeguridade": 11305,
            "sgSituacaoProposta": "GER",
            "deSituacaoProposta": "PROPOSTA GERADA ",
            "deAcaoFluxoServico": "GERAR PROPOSTA NA EMPRESA",
            "deFluxoServicoSeguridade": "CONTRATACAO",
            "deMotivoSistema": null,
            "icMonitoracao": "S",
            "icNegocial": "S"
        },
        {
            "dataEvolucao": "06/05/2025 10:51:59",
            "contrato": "12583",
            "nuPropostaSeguridade": 11304,
            "sgSituacaoProposta": "GER",
            "deSituacaoProposta": "PROPOSTA GERADA ",
            "deAcaoFluxoServico": "GERAR PROPOSTA NA EMPRESA",
            "deFluxoServicoSeguridade": "CONTRATACAO",
            "deMotivoSistema": null,
            "icMonitoracao": "S",
            "icNegocial": "S"
        },
        {
            "dataEvolucao": "06/05/2025 10:51:59",
            "contrato": "12576",
            "nuPropostaSeguridade": 11303,
            "sgSituacaoProposta": "GER",
            "deSituacaoProposta": "PROPOSTA GERADA ",
            "deAcaoFluxoServico": "GERAR PROPOSTA NA EMPRESA",
            "deFluxoServicoSeguridade": "CONTRATACAO",
            "deMotivoSistema": null,
            "icMonitoracao": "S",
            "icNegocial": "S"
        },
        {
            "dataEvolucao": "06/05/2025 10:51:58",
            "contrato": "12578",
            "nuPropostaSeguridade": 11302,
            "sgSituacaoProposta": "GER",
            "deSituacaoProposta": "PROPOSTA GERADA ",
            "deAcaoFluxoServico": "GERAR PROPOSTA NA EMPRESA",
            "deFluxoServicoSeguridade": "CONTRATACAO",
            "deMotivoSistema": null,
            "icMonitoracao": "S",
            "icNegocial": "S"
        },
        {
            "dataEvolucao": "06/05/2025 10:51:57",
            "contrato": "12576",
            "nuPropostaSeguridade": 11301,
            "sgSituacaoProposta": "GER",
            "deSituacaoProposta": "PROPOSTA GERADA ",
            "deAcaoFluxoServico": "GERAR PROPOSTA NA EMPRESA",
            "deFluxoServicoSeguridade": "CONTRATACAO",
            "deMotivoSistema": null,
            "icMonitoracao": "S",
            "icNegocial": "S"
        },
        {
            "dataEvolucao": "17/04/2025 12:08:22",
            "contrato": "12599",
            "nuPropostaSeguridade": 11247,
            "sgSituacaoProposta": "REJ",
            "deSituacaoProposta": "REJEITADA",
            "deAcaoFluxoServico": "DECLINAR",
            "deFluxoServicoSeguridade": "REJEICAO",
            "deMotivoSistema": "REJEICAO POR FALTA DE RETORNO EMPRESA",
            "icMonitoracao": "S",
            "icNegocial": "S"
        },
        {
            "dataEvolucao": "17/04/2025 12:08:22",
            "contrato": "12592",
            "nuPropostaSeguridade": 11246,
            "sgSituacaoProposta": "REJ",
            "deSituacaoProposta": "REJEITADA",
            "deAcaoFluxoServico": "DECLINAR",
            "deFluxoServicoSeguridade": "REJEICAO",
            "deMotivoSistema": "REJEICAO POR FALTA DE RETORNO EMPRESA",
            "icMonitoracao": "S",
            "icNegocial": "S"
        },
        {
            "dataEvolucao": "17/04/2025 12:08:22",
            "contrato": "12584",
            "nuPropostaSeguridade": 11245,
            "sgSituacaoProposta": "REJ",
            "deSituacaoProposta": "REJEITADA",
            "deAcaoFluxoServico": "DECLINAR",
            "deFluxoServicoSeguridade": "REJEICAO",
            "deMotivoSistema": "REJEICAO POR FALTA DE RETORNO EMPRESA",
            "icMonitoracao": "S",
            "icNegocial": "S"
        },
        {
            "dataEvolucao": "17/04/2025 12:08:22",
            "contrato": "12574",
            "nuPropostaSeguridade": 11244,
            "sgSituacaoProposta": "REJ",
            "deSituacaoProposta": "REJEITADA",
            "deAcaoFluxoServico": "DECLINAR",
            "deFluxoServicoSeguridade": "REJEICAO",
            "deMotivoSistema": "REJEICAO POR FALTA DE RETORNO EMPRESA",
            "icMonitoracao": "S",
            "icNegocial": "S"
        },
        {
            "dataEvolucao": "15/04/2025 10:45:14",
            "contrato": "12527",
            "nuPropostaSeguridade": 11226,
            "sgSituacaoProposta": "CAN",
            "deSituacaoProposta": "CANCELADA",
            "deAcaoFluxoServico": "CANCELAR",
            "deFluxoServicoSeguridade": "CANCELAMENTO",
            "deMotivoSistema": "SOLICITACAO CLIENTE",
            "icMonitoracao": "S",
            "icNegocial": "S"
        },
        {
            "dataEvolucao": "15/04/2025 10:45:14",
            "contrato": "12526",
            "nuPropostaSeguridade": 11225,
            "sgSituacaoProposta": "CAN",
            "deSituacaoProposta": "CANCELADA",
            "deAcaoFluxoServico": "CANCELAR",
            "deFluxoServicoSeguridade": "CANCELAMENTO",
            "deMotivoSistema": "SOLICITACAO CLIENTE",
            "icMonitoracao": "S",
            "icNegocial": "S"
        },
        {
            "dataEvolucao": "14/04/2025 16:13:15",
            "contrato": "12615",
            "nuPropostaSeguridade": 11248,
            "sgSituacaoProposta": "ENV",
            "deSituacaoProposta": "PROPOSTA VENDIDA",
            "deAcaoFluxoServico": "GRAVAR PROPOSTA NO SIGPF",
            "deFluxoServicoSeguridade": "CONTRATACAO",
            "deMotivoSistema": null,
            "icMonitoracao": "S",
            "icNegocial": "S"
        },
        {
            "dataEvolucao": "14/04/2025 16:08:17",
            "contrato": "12615",
            "nuPropostaSeguridade": 11248,
            "sgSituacaoProposta": "GER",
            "deSituacaoProposta": "PROPOSTA GERADA ",
            "deAcaoFluxoServico": "GERAR PROPOSTA NA EMPRESA",
            "deFluxoServicoSeguridade": "CONTRATACAO",
            "deMotivoSistema": null,
            "icMonitoracao": "S",
            "icNegocial": "S"
        },
        {
            "dataEvolucao": "14/04/2025 16:08:08",
            "contrato": "12602",
            "nuPropostaSeguridade": 11262,
            "sgSituacaoProposta": "ENV",
            "deSituacaoProposta": "PROPOSTA VENDIDA",
            "deAcaoFluxoServico": "GRAVAR PROPOSTA NO SIGPF",
            "deFluxoServicoSeguridade": "CONTRATACAO",
            "deMotivoSistema": null,
            "icMonitoracao": "S",
            "icNegocial": "S"
        },
        {
            "dataEvolucao": "14/04/2025 16:08:08",
            "contrato": "12586",
            "nuPropostaSeguridade": 11261,
            "sgSituacaoProposta": "ENV",
            "deSituacaoProposta": "PROPOSTA VENDIDA",
            "deAcaoFluxoServico": "GRAVAR PROPOSTA NO SIGPF",
            "deFluxoServicoSeguridade": "CONTRATACAO",
            "deMotivoSistema": null,
            "icMonitoracao": "S",
            "icNegocial": "S"
        },
        {
            "dataEvolucao": "14/04/2025 16:03:19",
            "contrato": "12602",
            "nuPropostaSeguridade": 11262,
            "sgSituacaoProposta": "GER",
            "deSituacaoProposta": "PROPOSTA GERADA ",
            "deAcaoFluxoServico": "GERAR PROPOSTA NA EMPRESA",
            "deFluxoServicoSeguridade": "CONTRATACAO",
            "deMotivoSistema": null,
            "icMonitoracao": "S",
            "icNegocial": "S"
        },
        {
            "dataEvolucao": "14/04/2025 16:03:18",
            "contrato": "12586",
            "nuPropostaSeguridade": 11261,
            "sgSituacaoProposta": "GER",
            "deSituacaoProposta": "PROPOSTA GERADA ",
            "deAcaoFluxoServico": "GERAR PROPOSTA NA EMPRESA",
            "deFluxoServicoSeguridade": "CONTRATACAO",
            "deMotivoSistema": null,
            "icMonitoracao": "S",
            "icNegocial": "S"
        },
        {
            "dataEvolucao": "14/04/2025 11:38:14",
            "contrato": "12573",
            "nuPropostaSeguridade": 11243,
            "sgSituacaoProposta": "ENV",
            "deSituacaoProposta": "PROPOSTA VENDIDA",
            "deAcaoFluxoServico": "GRAVAR PROPOSTA NO SIGPF",
            "deFluxoServicoSeguridade": "CONTRATACAO",
            "deMotivoSistema": null,
            "icMonitoracao": "S",
            "icNegocial": "S"
        },
        {
            "dataEvolucao": "14/04/2025 11:38:14",
            "contrato": "12601",
            "nuPropostaSeguridade": 11242,
            "sgSituacaoProposta": "ENV",
            "deSituacaoProposta": "PROPOSTA VENDIDA",
            "deAcaoFluxoServico": "GRAVAR PROPOSTA NO SIGPF",
            "deFluxoServicoSeguridade": "CONTRATACAO",
            "deMotivoSistema": null,
            "icMonitoracao": "S",
            "icNegocial": "S"
        },
        {
            "dataEvolucao": "14/04/2025 11:38:14",
            "contrato": "12600",
            "nuPropostaSeguridade": 11241,
            "sgSituacaoProposta": "ENV",
            "deSituacaoProposta": "PROPOSTA VENDIDA",
            "deAcaoFluxoServico": "GRAVAR PROPOSTA NO SIGPF",
            "deFluxoServicoSeguridade": "CONTRATACAO",
            "deMotivoSistema": null,
            "icMonitoracao": "S",
            "icNegocial": "S"
        },
        {
            "dataEvolucao": "14/04/2025 11:33:11",
            "contrato": "12599",
            "nuPropostaSeguridade": 11247,
            "sgSituacaoProposta": "GER",
            "deSituacaoProposta": "PROPOSTA GERADA ",
            "deAcaoFluxoServico": "GERAR PROPOSTA NA EMPRESA",
            "deFluxoServicoSeguridade": "CONTRATACAO",
            "deMotivoSistema": null,
            "icMonitoracao": "S",
            "icNegocial": "S"
        },
        {
            "dataEvolucao": "14/04/2025 11:33:10",
            "contrato": "12592",
            "nuPropostaSeguridade": 11246,
            "sgSituacaoProposta": "GER",
            "deSituacaoProposta": "PROPOSTA GERADA ",
            "deAcaoFluxoServico": "GERAR PROPOSTA NA EMPRESA",
            "deFluxoServicoSeguridade": "CONTRATACAO",
            "deMotivoSistema": null,
            "icMonitoracao": "S",
            "icNegocial": "S"
        },
        {
            "dataEvolucao": "14/04/2025 11:33:09",
            "contrato": "12584",
            "nuPropostaSeguridade": 11245,
            "sgSituacaoProposta": "GER",
            "deSituacaoProposta": "PROPOSTA GERADA ",
            "deAcaoFluxoServico": "GERAR PROPOSTA NA EMPRESA",
            "deFluxoServicoSeguridade": "CONTRATACAO",
            "deMotivoSistema": null,
            "icMonitoracao": "S",
            "icNegocial": "S"
        },
        {
            "dataEvolucao": "14/04/2025 11:33:09",
            "contrato": "12574",
            "nuPropostaSeguridade": 11244,
            "sgSituacaoProposta": "GER",
            "deSituacaoProposta": "PROPOSTA GERADA ",
            "deAcaoFluxoServico": "GERAR PROPOSTA NA EMPRESA",
            "deFluxoServicoSeguridade": "CONTRATACAO",
            "deMotivoSistema": null,
            "icMonitoracao": "S",
            "icNegocial": "S"
        },
        {
            "dataEvolucao": "14/04/2025 11:33:08",
            "contrato": "12573",
            "nuPropostaSeguridade": 11243,
            "sgSituacaoProposta": "GER",
            "deSituacaoProposta": "PROPOSTA GERADA ",
            "deAcaoFluxoServico": "GERAR PROPOSTA NA EMPRESA",
            "deFluxoServicoSeguridade": "CONTRATACAO",
            "deMotivoSistema": null,
            "icMonitoracao": "S",
            "icNegocial": "S"
        },
        {
            "dataEvolucao": "14/04/2025 11:33:08",
            "contrato": "12601",
            "nuPropostaSeguridade": 11242,
            "sgSituacaoProposta": "GER",
            "deSituacaoProposta": "PROPOSTA GERADA ",
            "deAcaoFluxoServico": "GERAR PROPOSTA NA EMPRESA",
            "deFluxoServicoSeguridade": "CONTRATACAO",
            "deMotivoSistema": null,
            "icMonitoracao": "S",
            "icNegocial": "S"
        },
        {
            "dataEvolucao": "14/04/2025 11:33:06",
            "contrato": "12600",
            "nuPropostaSeguridade": 11241,
            "sgSituacaoProposta": "GER",
            "deSituacaoProposta": "PROPOSTA GERADA ",
            "deAcaoFluxoServico": "GERAR PROPOSTA NA EMPRESA",
            "deFluxoServicoSeguridade": "CONTRATACAO",
            "deMotivoSistema": null,
            "icMonitoracao": "S",
            "icNegocial": "S"
        },
        {
            "dataEvolucao": "12/04/2025 11:40:33",
            "contrato": "12542",
            "nuPropostaSeguridade": 11230,
            "sgSituacaoProposta": "EMT",
            "deSituacaoProposta": "DOCUMENTO EMITIDO",
            "deAcaoFluxoServico": "EMITIR",
            "deFluxoServicoSeguridade": "CONTRATACAO",
            "deMotivoSistema": null,
            "icMonitoracao": "S",
            "icNegocial": "S"
        },
        {
            "dataEvolucao": "12/04/2025 11:40:33",
            "contrato": "12559",
            "nuPropostaSeguridade": 11232,
            "sgSituacaoProposta": "EMT",
            "deSituacaoProposta": "DOCUMENTO EMITIDO",
            "deAcaoFluxoServico": "EMITIR",
            "deFluxoServicoSeguridade": "CONTRATACAO",
            "deMotivoSistema": null,
            "icMonitoracao": "S",
            "icNegocial": "S"
        },
        {
            "dataEvolucao": "12/04/2025 11:40:33",
            "contrato": "12528",
            "nuPropostaSeguridade": 11227,
            "sgSituacaoProposta": "EMT",
            "deSituacaoProposta": "DOCUMENTO EMITIDO",
            "deAcaoFluxoServico": "EMITIR",
            "deFluxoServicoSeguridade": "CONTRATACAO",
            "deMotivoSistema": null,
            "icMonitoracao": "S",
            "icNegocial": "S"
        },
        {
            "dataEvolucao": "12/04/2025 11:40:33",
            "contrato": "12527",
            "nuPropostaSeguridade": 11226,
            "sgSituacaoProposta": "EMT",
            "deSituacaoProposta": "DOCUMENTO EMITIDO",
            "deAcaoFluxoServico": "EMITIR",
            "deFluxoServicoSeguridade": "CONTRATACAO",
            "deMotivoSistema": null,
            "icMonitoracao": "S",
            "icNegocial": "S"
        },
        {
            "dataEvolucao": "12/04/2025 11:40:33",
            "contrato": "12526",
            "nuPropostaSeguridade": 11225,
            "sgSituacaoProposta": "EMT",
            "deSituacaoProposta": "DOCUMENTO EMITIDO",
            "deAcaoFluxoServico": "EMITIR",
            "deFluxoServicoSeguridade": "CONTRATACAO",
            "deMotivoSistema": null,
            "icMonitoracao": "S",
            "icNegocial": "S"
        },
        {
            "dataEvolucao": "11/04/2025 15:54:25",
            "contrato": "12412",
            "nuPropostaSeguridade": 11056,
            "sgSituacaoProposta": "EMT",
            "deSituacaoProposta": "DOCUMENTO EMITIDO",
            "deAcaoFluxoServico": "EMITIR",
            "deFluxoServicoSeguridade": "CONTRATACAO",
            "deMotivoSistema": null,
            "icMonitoracao": "S",
            "icNegocial": "S"
        },
        {
            "dataEvolucao": "11/04/2025 11:22:12",
            "contrato": "12585",
            "nuPropostaSeguridade": 11235,
            "sgSituacaoProposta": "REJ",
            "deSituacaoProposta": "REJEITADA",
            "deAcaoFluxoServico": "DECLINAR",
            "deFluxoServicoSeguridade": "REJEICAO",
            "deMotivoSistema": "CAMPO OBRIGATORIO NAO PREENCHIDO",
            "icMonitoracao": "S",
            "icNegocial": "S"
        },
        {
            "dataEvolucao": "11/04/2025 11:06:25",
            "contrato": "12585",
            "nuPropostaSeguridade": 11235,
            "sgSituacaoProposta": "REJ",
            "deSituacaoProposta": "REJEITADA",
            "deAcaoFluxoServico": "DECLINAR",
            "deFluxoServicoSeguridade": "REJEICAO",
            "deMotivoSistema": "REJEICAO POR FALTA DE RETORNO EMPRESA",
            "icMonitoracao": "S",
            "icNegocial": "S"
        },
        {
            "dataEvolucao": "10/04/2025 17:51:06",
            "contrato": "11684",
            "nuPropostaSeguridade": 11053,
            "sgSituacaoProposta": "REJ",
            "deSituacaoProposta": "REJEITADA",
            "deAcaoFluxoServico": "DECLINAR",
            "deFluxoServicoSeguridade": "REJEICAO",
            "deMotivoSistema": "REJEICAO POR FALTA DE RETORNO EMPRESA",
            "icMonitoracao": "S",
            "icNegocial": "S"
        },
        {
            "dataEvolucao": "10/04/2025 17:13:13",
            "contrato": "12579",
            "nuPropostaSeguridade": 11039,
            "sgSituacaoProposta": "REJ",
            "deSituacaoProposta": "REJEITADA",
            "deAcaoFluxoServico": "DECLINAR",
            "deFluxoServicoSeguridade": "REJEICAO",
            "deMotivoSistema": "CAMPO OBRIGATORIO NAO PREENCHIDO",
            "icMonitoracao": "S",
            "icNegocial": "S"
        },
        {
            "dataEvolucao": "10/04/2025 17:13:13",
            "contrato": "12575",
            "nuPropostaSeguridade": 11234,
            "sgSituacaoProposta": "REJ",
            "deSituacaoProposta": "REJEITADA",
            "deAcaoFluxoServico": "DECLINAR",
            "deFluxoServicoSeguridade": "REJEICAO",
            "deMotivoSistema": "CAMPO OBRIGATORIO NAO PREENCHIDO",
            "icMonitoracao": "S",
            "icNegocial": "S"
        },
        {
            "dataEvolucao": "10/04/2025 17:13:13",
            "contrato": "12571",
            "nuPropostaSeguridade": 11233,
            "sgSituacaoProposta": "ENV",
            "deSituacaoProposta": "PROPOSTA VENDIDA",
            "deAcaoFluxoServico": "GRAVAR PROPOSTA NO SIGPF",
            "deFluxoServicoSeguridade": "CONTRATACAO",
            "deMotivoSistema": null,
            "icMonitoracao": "S",
            "icNegocial": "S"
        },
        {
            "dataEvolucao": "10/04/2025 14:37:06",
            "contrato": "12579",
            "nuPropostaSeguridade": 11039,
            "sgSituacaoProposta": "GER",
            "deSituacaoProposta": "PROPOSTA GERADA ",
            "deAcaoFluxoServico": "GERAR PROPOSTA NA EMPRESA",
            "deFluxoServicoSeguridade": "CONTRATACAO",
            "deMotivoSistema": null,
            "icMonitoracao": "S",
            "icNegocial": "S"
        },
        {
            "dataEvolucao": "10/04/2025 14:17:05",
            "contrato": "12575",
            "nuPropostaSeguridade": 11234,
            "sgSituacaoProposta": "GER",
            "deSituacaoProposta": "PROPOSTA GERADA ",
            "deAcaoFluxoServico": "GERAR PROPOSTA NA EMPRESA",
            "deFluxoServicoSeguridade": "CONTRATACAO",
            "deMotivoSistema": null,
            "icMonitoracao": "S",
            "icNegocial": "S"
        },
        {
            "dataEvolucao": "10/04/2025 12:17:13",
            "contrato": "12571",
            "nuPropostaSeguridade": 11233,
            "sgSituacaoProposta": "GER",
            "deSituacaoProposta": "PROPOSTA GERADA ",
            "deAcaoFluxoServico": "GERAR PROPOSTA NA EMPRESA",
            "deFluxoServicoSeguridade": "CONTRATACAO",
            "deMotivoSistema": null,
            "icMonitoracao": "S",
            "icNegocial": "S"
        },
        {
            "dataEvolucao": "10/04/2025 01:46:09",
            "contrato": "12559",
            "nuPropostaSeguridade": 11232,
            "sgSituacaoProposta": "ENV",
            "deSituacaoProposta": "PROPOSTA VENDIDA",
            "deAcaoFluxoServico": "GRAVAR PROPOSTA NO SIGPF",
            "deFluxoServicoSeguridade": "CONTRATACAO",
            "deMotivoSistema": null,
            "icMonitoracao": "S",
            "icNegocial": "S"
        },
        {
            "dataEvolucao": "10/04/2025 01:46:09",
            "contrato": "12560",
            "nuPropostaSeguridade": 11231,
            "sgSituacaoProposta": "ENV",
            "deSituacaoProposta": "PROPOSTA VENDIDA",
            "deAcaoFluxoServico": "GRAVAR PROPOSTA NO SIGPF",
            "deFluxoServicoSeguridade": "CONTRATACAO",
            "deMotivoSistema": null,
            "icMonitoracao": "S",
            "icNegocial": "S"
        },
        {
            "dataEvolucao": "10/04/2025 01:46:09",
            "contrato": "12542",
            "nuPropostaSeguridade": 11230,
            "sgSituacaoProposta": "ENV",
            "deSituacaoProposta": "PROPOSTA VENDIDA",
            "deAcaoFluxoServico": "GRAVAR PROPOSTA NO SIGPF",
            "deFluxoServicoSeguridade": "CONTRATACAO",
            "deMotivoSistema": null,
            "icMonitoracao": "S",
            "icNegocial": "S"
        },
        {
            "dataEvolucao": "10/04/2025 01:46:09",
            "contrato": "12532",
            "nuPropostaSeguridade": 11229,
            "sgSituacaoProposta": "ENV",
            "deSituacaoProposta": "PROPOSTA VENDIDA",
            "deAcaoFluxoServico": "GRAVAR PROPOSTA NO SIGPF",
            "deFluxoServicoSeguridade": "CONTRATACAO",
            "deMotivoSistema": null,
            "icMonitoracao": "S",
            "icNegocial": "S"
        },
        {
            "dataEvolucao": "10/04/2025 01:46:09",
            "contrato": "12530",
            "nuPropostaSeguridade": 11228,
            "sgSituacaoProposta": "ENV",
            "deSituacaoProposta": "PROPOSTA VENDIDA",
            "deAcaoFluxoServico": "GRAVAR PROPOSTA NO SIGPF",
            "deFluxoServicoSeguridade": "CONTRATACAO",
            "deMotivoSistema": null,
            "icMonitoracao": "S",
            "icNegocial": "S"
        },
        {
            "dataEvolucao": "10/04/2025 01:46:09",
            "contrato": "12528",
            "nuPropostaSeguridade": 11227,
            "sgSituacaoProposta": "ENV",
            "deSituacaoProposta": "PROPOSTA VENDIDA",
            "deAcaoFluxoServico": "GRAVAR PROPOSTA NO SIGPF",
            "deFluxoServicoSeguridade": "CONTRATACAO",
            "deMotivoSistema": null,
            "icMonitoracao": "S",
            "icNegocial": "S"
        },
        {
            "dataEvolucao": "10/04/2025 01:46:09",
            "contrato": "12527",
            "nuPropostaSeguridade": 11226,
            "sgSituacaoProposta": "ENV",
            "deSituacaoProposta": "PROPOSTA VENDIDA",
            "deAcaoFluxoServico": "GRAVAR PROPOSTA NO SIGPF",
            "deFluxoServicoSeguridade": "CONTRATACAO",
            "deMotivoSistema": null,
            "icMonitoracao": "S",
            "icNegocial": "S"
        },
        {
            "dataEvolucao": "10/04/2025 01:46:09",
            "contrato": "12526",
            "nuPropostaSeguridade": 11225,
            "sgSituacaoProposta": "ENV",
            "deSituacaoProposta": "PROPOSTA VENDIDA",
            "deAcaoFluxoServico": "GRAVAR PROPOSTA NO SIGPF",
            "deFluxoServicoSeguridade": "CONTRATACAO",
            "deMotivoSistema": null,
            "icMonitoracao": "S",
            "icNegocial": "S"
        },
        {
            "dataEvolucao": "10/04/2025 01:46:09",
            "contrato": "12522",
            "nuPropostaSeguridade": 11224,
            "sgSituacaoProposta": "ENV",
            "deSituacaoProposta": "PROPOSTA VENDIDA",
            "deAcaoFluxoServico": "GRAVAR PROPOSTA NO SIGPF",
            "deFluxoServicoSeguridade": "CONTRATACAO",
            "deMotivoSistema": null,
            "icMonitoracao": "S",
            "icNegocial": "S"
        },
        {
            "dataEvolucao": "10/04/2025 01:46:09",
            "contrato": "12511",
            "nuPropostaSeguridade": 11223,
            "sgSituacaoProposta": "ENV",
            "deSituacaoProposta": "PROPOSTA VENDIDA",
            "deAcaoFluxoServico": "GRAVAR PROPOSTA NO SIGPF",
            "deFluxoServicoSeguridade": "CONTRATACAO",
            "deMotivoSistema": null,
            "icMonitoracao": "S",
            "icNegocial": "S"
        },
        {
            "dataEvolucao": "10/04/2025 01:46:09",
            "contrato": "12509",
            "nuPropostaSeguridade": 11222,
            "sgSituacaoProposta": "ENV",
            "deSituacaoProposta": "PROPOSTA VENDIDA",
            "deAcaoFluxoServico": "GRAVAR PROPOSTA NO SIGPF",
            "deFluxoServicoSeguridade": "CONTRATACAO",
            "deMotivoSistema": null,
            "icMonitoracao": "S",
            "icNegocial": "S"
        },
        {
            "dataEvolucao": "10/04/2025 01:46:09",
            "contrato": "12508",
            "nuPropostaSeguridade": 11221,
            "sgSituacaoProposta": "ENV",
            "deSituacaoProposta": "PROPOSTA VENDIDA",
            "deAcaoFluxoServico": "GRAVAR PROPOSTA NO SIGPF",
            "deFluxoServicoSeguridade": "CONTRATACAO",
            "deMotivoSistema": null,
            "icMonitoracao": "S",
            "icNegocial": "S"
        },
        {
            "dataEvolucao": "10/04/2025 01:46:09",
            "contrato": "12495",
            "nuPropostaSeguridade": 11220,
            "sgSituacaoProposta": "ENV",
            "deSituacaoProposta": "PROPOSTA VENDIDA",
            "deAcaoFluxoServico": "GRAVAR PROPOSTA NO SIGPF",
            "deFluxoServicoSeguridade": "CONTRATACAO",
            "deMotivoSistema": null,
            "icMonitoracao": "S",
            "icNegocial": "S"
        },
        {
            "dataEvolucao": "10/04/2025 01:46:09",
            "contrato": "12484",
            "nuPropostaSeguridade": 11219,
            "sgSituacaoProposta": "ENV",
            "deSituacaoProposta": "PROPOSTA VENDIDA",
            "deAcaoFluxoServico": "GRAVAR PROPOSTA NO SIGPF",
            "deFluxoServicoSeguridade": "CONTRATACAO",
            "deMotivoSistema": null,
            "icMonitoracao": "S",
            "icNegocial": "S"
        },
        {
            "dataEvolucao": "10/04/2025 01:46:09",
            "contrato": "12483",
            "nuPropostaSeguridade": 11218,
            "sgSituacaoProposta": "ENV",
            "deSituacaoProposta": "PROPOSTA VENDIDA",
            "deAcaoFluxoServico": "GRAVAR PROPOSTA NO SIGPF",
            "deFluxoServicoSeguridade": "CONTRATACAO",
            "deMotivoSistema": null,
            "icMonitoracao": "S",
            "icNegocial": "S"
        },
        {
            "dataEvolucao": "10/04/2025 01:46:09",
            "contrato": "12482",
            "nuPropostaSeguridade": 11217,
            "sgSituacaoProposta": "ENV",
            "deSituacaoProposta": "PROPOSTA VENDIDA",
            "deAcaoFluxoServico": "GRAVAR PROPOSTA NO SIGPF",
            "deFluxoServicoSeguridade": "CONTRATACAO",
            "deMotivoSistema": null,
            "icMonitoracao": "S",
            "icNegocial": "S"
        },
        {
            "dataEvolucao": "10/04/2025 01:46:09",
            "contrato": "12481",
            "nuPropostaSeguridade": 11216,
            "sgSituacaoProposta": "ENV",
            "deSituacaoProposta": "PROPOSTA VENDIDA",
            "deAcaoFluxoServico": "GRAVAR PROPOSTA NO SIGPF",
            "deFluxoServicoSeguridade": "CONTRATACAO",
            "deMotivoSistema": null,
            "icMonitoracao": "S",
            "icNegocial": "S"
        },
        {
            "dataEvolucao": "10/04/2025 01:46:09",
            "contrato": "12480",
            "nuPropostaSeguridade": 11215,
            "sgSituacaoProposta": "ENV",
            "deSituacaoProposta": "PROPOSTA VENDIDA",
            "deAcaoFluxoServico": "GRAVAR PROPOSTA NO SIGPF",
            "deFluxoServicoSeguridade": "CONTRATACAO",
            "deMotivoSistema": null,
            "icMonitoracao": "S",
            "icNegocial": "S"
        },
        {
            "dataEvolucao": "10/04/2025 01:46:09",
            "contrato": "12479",
            "nuPropostaSeguridade": 11214,
            "sgSituacaoProposta": "ENV",
            "deSituacaoProposta": "PROPOSTA VENDIDA",
            "deAcaoFluxoServico": "GRAVAR PROPOSTA NO SIGPF",
            "deFluxoServicoSeguridade": "CONTRATACAO",
            "deMotivoSistema": null,
            "icMonitoracao": "S",
            "icNegocial": "S"
        },
        {
            "dataEvolucao": "10/04/2025 01:46:09",
            "contrato": "12477",
            "nuPropostaSeguridade": 11213,
            "sgSituacaoProposta": "REJ",
            "deSituacaoProposta": "REJEITADA",
            "deAcaoFluxoServico": "DECLINAR",
            "deFluxoServicoSeguridade": "REJEICAO",
            "deMotivoSistema": "CAMPO OBRIGATORIO NAO PREENCHIDO",
            "icMonitoracao": "S",
            "icNegocial": "S"
        },
        {
            "dataEvolucao": "10/04/2025 01:46:09",
            "contrato": "12477",
            "nuPropostaSeguridade": 11212,
            "sgSituacaoProposta": "REJ",
            "deSituacaoProposta": "REJEITADA",
            "deAcaoFluxoServico": "DECLINAR",
            "deFluxoServicoSeguridade": "REJEICAO",
            "deMotivoSistema": "CAMPO OBRIGATORIO NAO PREENCHIDO",
            "icMonitoracao": "S",
            "icNegocial": "S"
        },
        {
            "dataEvolucao": "10/04/2025 01:46:09",
            "contrato": "12475",
            "nuPropostaSeguridade": 11211,
            "sgSituacaoProposta": "REJ",
            "deSituacaoProposta": "REJEITADA",
            "deAcaoFluxoServico": "DECLINAR",
            "deFluxoServicoSeguridade": "REJEICAO",
            "deMotivoSistema": "CAMPO OBRIGATORIO NAO PREENCHIDO",
            "icMonitoracao": "S",
            "icNegocial": "S"
        },
        {
            "dataEvolucao": "10/04/2025 01:46:09",
            "contrato": "12460",
            "nuPropostaSeguridade": 11210,
            "sgSituacaoProposta": "ENV",
            "deSituacaoProposta": "PROPOSTA VENDIDA",
            "deAcaoFluxoServico": "GRAVAR PROPOSTA NO SIGPF",
            "deFluxoServicoSeguridade": "CONTRATACAO",
            "deMotivoSistema": null,
            "icMonitoracao": "S",
            "icNegocial": "S"
        },
        {
            "dataEvolucao": "10/04/2025 01:46:09",
            "contrato": "12455",
            "nuPropostaSeguridade": 11209,
            "sgSituacaoProposta": "ENV",
            "deSituacaoProposta": "PROPOSTA VENDIDA",
            "deAcaoFluxoServico": "GRAVAR PROPOSTA NO SIGPF",
            "deFluxoServicoSeguridade": "CONTRATACAO",
            "deMotivoSistema": null,
            "icMonitoracao": "S",
            "icNegocial": "S"
        },
        {
            "dataEvolucao": "10/04/2025 01:46:08",
            "contrato": "12452",
            "nuPropostaSeguridade": 11208,
            "sgSituacaoProposta": "ENV",
            "deSituacaoProposta": "PROPOSTA VENDIDA",
            "deAcaoFluxoServico": "GRAVAR PROPOSTA NO SIGPF",
            "deFluxoServicoSeguridade": "CONTRATACAO",
            "deMotivoSistema": null,
            "icMonitoracao": "S",
            "icNegocial": "S"
        },
        {
            "dataEvolucao": "10/04/2025 01:46:08",
            "contrato": "12448",
            "nuPropostaSeguridade": 11207,
            "sgSituacaoProposta": "ENV",
            "deSituacaoProposta": "PROPOSTA VENDIDA",
            "deAcaoFluxoServico": "GRAVAR PROPOSTA NO SIGPF",
            "deFluxoServicoSeguridade": "CONTRATACAO",
            "deMotivoSistema": null,
            "icMonitoracao": "S",
            "icNegocial": "S"
        },
        {
            "dataEvolucao": "10/04/2025 01:46:08",
            "contrato": "12444",
            "nuPropostaSeguridade": 11206,
            "sgSituacaoProposta": "REJ",
            "deSituacaoProposta": "REJEITADA",
            "deAcaoFluxoServico": "DECLINAR",
            "deFluxoServicoSeguridade": "REJEICAO",
            "deMotivoSistema": "CAMPO OBRIGATORIO NAO PREENCHIDO",
            "icMonitoracao": "S",
            "icNegocial": "S"
        },
        {
            "dataEvolucao": "10/04/2025 01:46:08",
            "contrato": "12442",
            "nuPropostaSeguridade": 11205,
            "sgSituacaoProposta": "ENV",
            "deSituacaoProposta": "PROPOSTA VENDIDA",
            "deAcaoFluxoServico": "GRAVAR PROPOSTA NO SIGPF",
            "deFluxoServicoSeguridade": "CONTRATACAO",
            "deMotivoSistema": null,
            "icMonitoracao": "S",
            "icNegocial": "S"
        },
        {
            "dataEvolucao": "10/04/2025 01:46:08",
            "contrato": "12436",
            "nuPropostaSeguridade": 11204,
            "sgSituacaoProposta": "REJ",
            "deSituacaoProposta": "REJEITADA",
            "deAcaoFluxoServico": "DECLINAR",
            "deFluxoServicoSeguridade": "REJEICAO",
            "deMotivoSistema": "CAMPO OBRIGATORIO NAO PREENCHIDO",
            "icMonitoracao": "S",
            "icNegocial": "S"
        },
        {
            "dataEvolucao": "10/04/2025 01:46:08",
            "contrato": "12434",
            "nuPropostaSeguridade": 11203,
            "sgSituacaoProposta": "ENV",
            "deSituacaoProposta": "PROPOSTA VENDIDA",
            "deAcaoFluxoServico": "GRAVAR PROPOSTA NO SIGPF",
            "deFluxoServicoSeguridade": "CONTRATACAO",
            "deMotivoSistema": null,
            "icMonitoracao": "S",
            "icNegocial": "S"
        },
        {
            "dataEvolucao": "10/04/2025 01:46:08",
            "contrato": "11688",
            "nuPropostaSeguridade": 11202,
            "sgSituacaoProposta": "ENV",
            "deSituacaoProposta": "PROPOSTA VENDIDA",
            "deAcaoFluxoServico": "GRAVAR PROPOSTA NO SIGPF",
            "deFluxoServicoSeguridade": "CONTRATACAO",
            "deMotivoSistema": null,
            "icMonitoracao": "S",
            "icNegocial": "S"
        },
        {
            "dataEvolucao": "10/04/2025 01:46:08",
            "contrato": "12425",
            "nuPropostaSeguridade": 11201,
            "sgSituacaoProposta": "ENV",
            "deSituacaoProposta": "PROPOSTA VENDIDA",
            "deAcaoFluxoServico": "GRAVAR PROPOSTA NO SIGPF",
            "deFluxoServicoSeguridade": "CONTRATACAO",
            "deMotivoSistema": null,
            "icMonitoracao": "S",
            "icNegocial": "S"
        },
        {
            "dataEvolucao": "10/04/2025 01:46:08",
            "contrato": "12423",
            "nuPropostaSeguridade": 11060,
            "sgSituacaoProposta": "ENV",
            "deSituacaoProposta": "PROPOSTA VENDIDA",
            "deAcaoFluxoServico": "GRAVAR PROPOSTA NO SIGPF",
            "deFluxoServicoSeguridade": "CONTRATACAO",
            "deMotivoSistema": null,
            "icMonitoracao": "S",
            "icNegocial": "S"
        },
        {
            "dataEvolucao": "10/04/2025 01:46:08",
            "contrato": "12421",
            "nuPropostaSeguridade": 11059,
            "sgSituacaoProposta": "ENV",
            "deSituacaoProposta": "PROPOSTA VENDIDA",
            "deAcaoFluxoServico": "GRAVAR PROPOSTA NO SIGPF",
            "deFluxoServicoSeguridade": "CONTRATACAO",
            "deMotivoSistema": null,
            "icMonitoracao": "S",
            "icNegocial": "S"
        },
        {
            "dataEvolucao": "10/04/2025 01:46:08",
            "contrato": "12415",
            "nuPropostaSeguridade": 11057,
            "sgSituacaoProposta": "ENV",
            "deSituacaoProposta": "PROPOSTA VENDIDA",
            "deAcaoFluxoServico": "GRAVAR PROPOSTA NO SIGPF",
            "deFluxoServicoSeguridade": "CONTRATACAO",
            "deMotivoSistema": null,
            "icMonitoracao": "S",
            "icNegocial": "S"
        },
        {
            "dataEvolucao": "10/04/2025 01:46:08",
            "contrato": "12412",
            "nuPropostaSeguridade": 11056,
            "sgSituacaoProposta": "ENV",
            "deSituacaoProposta": "PROPOSTA VENDIDA",
            "deAcaoFluxoServico": "GRAVAR PROPOSTA NO SIGPF",
            "deFluxoServicoSeguridade": "CONTRATACAO",
            "deMotivoSistema": null,
            "icMonitoracao": "S",
            "icNegocial": "S"
        },
        {
            "dataEvolucao": "10/04/2025 01:46:08",
            "contrato": "12411",
            "nuPropostaSeguridade": 11055,
            "sgSituacaoProposta": "REJ",
            "deSituacaoProposta": "REJEITADA",
            "deAcaoFluxoServico": "DECLINAR",
            "deFluxoServicoSeguridade": "REJEICAO",
            "deMotivoSistema": "CAMPO OBRIGATORIO NAO PREENCHIDO",
            "icMonitoracao": "S",
            "icNegocial": "S"
        },
        {
            "dataEvolucao": "10/04/2025 01:46:08",
            "contrato": "11686",
            "nuPropostaSeguridade": 11054,
            "sgSituacaoProposta": "ENV",
            "deSituacaoProposta": "PROPOSTA VENDIDA",
            "deAcaoFluxoServico": "GRAVAR PROPOSTA NO SIGPF",
            "deFluxoServicoSeguridade": "CONTRATACAO",
            "deMotivoSistema": null,
            "icMonitoracao": "S",
            "icNegocial": "S"
        },
        {
            "dataEvolucao": "10/04/2025 01:46:08",
            "contrato": "12407",
            "nuPropostaSeguridade": 11052,
            "sgSituacaoProposta": "ENV",
            "deSituacaoProposta": "PROPOSTA VENDIDA",
            "deAcaoFluxoServico": "GRAVAR PROPOSTA NO SIGPF",
            "deFluxoServicoSeguridade": "CONTRATACAO",
            "deMotivoSistema": null,
            "icMonitoracao": "S",
            "icNegocial": "S"
        },
        {
            "dataEvolucao": "10/04/2025 01:46:08",
            "contrato": "11684",
            "nuPropostaSeguridade": 11051,
            "sgSituacaoProposta": "ENV",
            "deSituacaoProposta": "PROPOSTA VENDIDA",
            "deAcaoFluxoServico": "GRAVAR PROPOSTA NO SIGPF",
            "deFluxoServicoSeguridade": "CONTRATACAO",
            "deMotivoSistema": null,
            "icMonitoracao": "S",
            "icNegocial": "S"
        },
        {
            "dataEvolucao": "09/04/2025 13:24:36",
            "contrato": "12559",
            "nuPropostaSeguridade": 11232,
            "sgSituacaoProposta": "GER",
            "deSituacaoProposta": "PROPOSTA GERADA ",
            "deAcaoFluxoServico": "GERAR PROPOSTA NA EMPRESA",
            "deFluxoServicoSeguridade": "CONTRATACAO",
            "deMotivoSistema": null,
            "icMonitoracao": "S",
            "icNegocial": "S"
        },
        {
            "dataEvolucao": "09/04/2025 13:24:36",
            "contrato": "12560",
            "nuPropostaSeguridade": 11231,
            "sgSituacaoProposta": "GER",
            "deSituacaoProposta": "PROPOSTA GERADA ",
            "deAcaoFluxoServico": "GERAR PROPOSTA NA EMPRESA",
            "deFluxoServicoSeguridade": "CONTRATACAO",
            "deMotivoSistema": null,
            "icMonitoracao": "S",
            "icNegocial": "S"
        },
        {
            "dataEvolucao": "09/04/2025 13:24:35",
            "contrato": "12542",
            "nuPropostaSeguridade": 11230,
            "sgSituacaoProposta": "GER",
            "deSituacaoProposta": "PROPOSTA GERADA ",
            "deAcaoFluxoServico": "GERAR PROPOSTA NA EMPRESA",
            "deFluxoServicoSeguridade": "CONTRATACAO",
            "deMotivoSistema": null,
            "icMonitoracao": "S",
            "icNegocial": "S"
        },
        {
            "dataEvolucao": "09/04/2025 13:24:35",
            "contrato": "12532",
            "nuPropostaSeguridade": 11229,
            "sgSituacaoProposta": "GER",
            "deSituacaoProposta": "PROPOSTA GERADA ",
            "deAcaoFluxoServico": "GERAR PROPOSTA NA EMPRESA",
            "deFluxoServicoSeguridade": "CONTRATACAO",
            "deMotivoSistema": null,
            "icMonitoracao": "S",
            "icNegocial": "S"
        },
        {
            "dataEvolucao": "09/04/2025 13:24:34",
            "contrato": "12530",
            "nuPropostaSeguridade": 11228,
            "sgSituacaoProposta": "GER",
            "deSituacaoProposta": "PROPOSTA GERADA ",
            "deAcaoFluxoServico": "GERAR PROPOSTA NA EMPRESA",
            "deFluxoServicoSeguridade": "CONTRATACAO",
            "deMotivoSistema": null,
            "icMonitoracao": "S",
            "icNegocial": "S"
        },
        {
            "dataEvolucao": "09/04/2025 13:24:33",
            "contrato": "12528",
            "nuPropostaSeguridade": 11227,
            "sgSituacaoProposta": "GER",
            "deSituacaoProposta": "PROPOSTA GERADA ",
            "deAcaoFluxoServico": "GERAR PROPOSTA NA EMPRESA",
            "deFluxoServicoSeguridade": "CONTRATACAO",
            "deMotivoSistema": null,
            "icMonitoracao": "S",
            "icNegocial": "S"
        },
        {
            "dataEvolucao": "09/04/2025 13:24:33",
            "contrato": "12527",
            "nuPropostaSeguridade": 11226,
            "sgSituacaoProposta": "GER",
            "deSituacaoProposta": "PROPOSTA GERADA ",
            "deAcaoFluxoServico": "GERAR PROPOSTA NA EMPRESA",
            "deFluxoServicoSeguridade": "CONTRATACAO",
            "deMotivoSistema": null,
            "icMonitoracao": "S",
            "icNegocial": "S"
        },
        {
            "dataEvolucao": "09/04/2025 13:24:32",
            "contrato": "12526",
            "nuPropostaSeguridade": 11225,
            "sgSituacaoProposta": "GER",
            "deSituacaoProposta": "PROPOSTA GERADA ",
            "deAcaoFluxoServico": "GERAR PROPOSTA NA EMPRESA",
            "deFluxoServicoSeguridade": "CONTRATACAO",
            "deMotivoSistema": null,
            "icMonitoracao": "S",
            "icNegocial": "S"
        },
        {
            "dataEvolucao": "09/04/2025 13:24:32",
            "contrato": "12522",
            "nuPropostaSeguridade": 11224,
            "sgSituacaoProposta": "GER",
            "deSituacaoProposta": "PROPOSTA GERADA ",
            "deAcaoFluxoServico": "GERAR PROPOSTA NA EMPRESA",
            "deFluxoServicoSeguridade": "CONTRATACAO",
            "deMotivoSistema": null,
            "icMonitoracao": "S",
            "icNegocial": "S"
        },
        {
            "dataEvolucao": "09/04/2025 13:24:31",
            "contrato": "12511",
            "nuPropostaSeguridade": 11223,
            "sgSituacaoProposta": "GER",
            "deSituacaoProposta": "PROPOSTA GERADA ",
            "deAcaoFluxoServico": "GERAR PROPOSTA NA EMPRESA",
            "deFluxoServicoSeguridade": "CONTRATACAO",
            "deMotivoSistema": null,
            "icMonitoracao": "S",
            "icNegocial": "S"
        },
        {
            "dataEvolucao": "09/04/2025 13:24:31",
            "contrato": "12509",
            "nuPropostaSeguridade": 11222,
            "sgSituacaoProposta": "GER",
            "deSituacaoProposta": "PROPOSTA GERADA ",
            "deAcaoFluxoServico": "GERAR PROPOSTA NA EMPRESA",
            "deFluxoServicoSeguridade": "CONTRATACAO",
            "deMotivoSistema": null,
            "icMonitoracao": "S",
            "icNegocial": "S"
        },
        {
            "dataEvolucao": "09/04/2025 13:24:31",
            "contrato": "12508",
            "nuPropostaSeguridade": 11221,
            "sgSituacaoProposta": "GER",
            "deSituacaoProposta": "PROPOSTA GERADA ",
            "deAcaoFluxoServico": "GERAR PROPOSTA NA EMPRESA",
            "deFluxoServicoSeguridade": "CONTRATACAO",
            "deMotivoSistema": null,
            "icMonitoracao": "S",
            "icNegocial": "S"
        },
        {
            "dataEvolucao": "09/04/2025 13:24:30",
            "contrato": "12495",
            "nuPropostaSeguridade": 11220,
            "sgSituacaoProposta": "GER",
            "deSituacaoProposta": "PROPOSTA GERADA ",
            "deAcaoFluxoServico": "GERAR PROPOSTA NA EMPRESA",
            "deFluxoServicoSeguridade": "CONTRATACAO",
            "deMotivoSistema": null,
            "icMonitoracao": "S",
            "icNegocial": "S"
        },
        {
            "dataEvolucao": "09/04/2025 13:24:30",
            "contrato": "12484",
            "nuPropostaSeguridade": 11219,
            "sgSituacaoProposta": "GER",
            "deSituacaoProposta": "PROPOSTA GERADA ",
            "deAcaoFluxoServico": "GERAR PROPOSTA NA EMPRESA",
            "deFluxoServicoSeguridade": "CONTRATACAO",
            "deMotivoSistema": null,
            "icMonitoracao": "S",
            "icNegocial": "S"
        },
        {
            "dataEvolucao": "09/04/2025 13:24:29",
            "contrato": "12483",
            "nuPropostaSeguridade": 11218,
            "sgSituacaoProposta": "GER",
            "deSituacaoProposta": "PROPOSTA GERADA ",
            "deAcaoFluxoServico": "GERAR PROPOSTA NA EMPRESA",
            "deFluxoServicoSeguridade": "CONTRATACAO",
            "deMotivoSistema": null,
            "icMonitoracao": "S",
            "icNegocial": "S"
        },
        {
            "dataEvolucao": "09/04/2025 13:24:29",
            "contrato": "12482",
            "nuPropostaSeguridade": 11217,
            "sgSituacaoProposta": "GER",
            "deSituacaoProposta": "PROPOSTA GERADA ",
            "deAcaoFluxoServico": "GERAR PROPOSTA NA EMPRESA",
            "deFluxoServicoSeguridade": "CONTRATACAO",
            "deMotivoSistema": null,
            "icMonitoracao": "S",
            "icNegocial": "S"
        },
        {
            "dataEvolucao": "09/04/2025 13:24:28",
            "contrato": "12481",
            "nuPropostaSeguridade": 11216,
            "sgSituacaoProposta": "GER",
            "deSituacaoProposta": "PROPOSTA GERADA ",
            "deAcaoFluxoServico": "GERAR PROPOSTA NA EMPRESA",
            "deFluxoServicoSeguridade": "CONTRATACAO",
            "deMotivoSistema": null,
            "icMonitoracao": "S",
            "icNegocial": "S"
        },
        {
            "dataEvolucao": "09/04/2025 13:24:28",
            "contrato": "12480",
            "nuPropostaSeguridade": 11215,
            "sgSituacaoProposta": "GER",
            "deSituacaoProposta": "PROPOSTA GERADA ",
            "deAcaoFluxoServico": "GERAR PROPOSTA NA EMPRESA",
            "deFluxoServicoSeguridade": "CONTRATACAO",
            "deMotivoSistema": null,
            "icMonitoracao": "S",
            "icNegocial": "S"
        },
        {
            "dataEvolucao": "09/04/2025 13:24:27",
            "contrato": "12479",
            "nuPropostaSeguridade": 11214,
            "sgSituacaoProposta": "GER",
            "deSituacaoProposta": "PROPOSTA GERADA ",
            "deAcaoFluxoServico": "GERAR PROPOSTA NA EMPRESA",
            "deFluxoServicoSeguridade": "CONTRATACAO",
            "deMotivoSistema": null,
            "icMonitoracao": "S",
            "icNegocial": "S"
        },
        {
            "dataEvolucao": "09/04/2025 13:24:27",
            "contrato": "12477",
            "nuPropostaSeguridade": 11213,
            "sgSituacaoProposta": "GER",
            "deSituacaoProposta": "PROPOSTA GERADA ",
            "deAcaoFluxoServico": "GERAR PROPOSTA NA EMPRESA",
            "deFluxoServicoSeguridade": "CONTRATACAO",
            "deMotivoSistema": null,
            "icMonitoracao": "S",
            "icNegocial": "S"
        },
        {
            "dataEvolucao": "09/04/2025 13:24:26",
            "contrato": "12477",
            "nuPropostaSeguridade": 11212,
            "sgSituacaoProposta": "GER",
            "deSituacaoProposta": "PROPOSTA GERADA ",
            "deAcaoFluxoServico": "GERAR PROPOSTA NA EMPRESA",
            "deFluxoServicoSeguridade": "CONTRATACAO",
            "deMotivoSistema": null,
            "icMonitoracao": "S",
            "icNegocial": "S"
        },
        {
            "dataEvolucao": "09/04/2025 13:24:26",
            "contrato": "12475",
            "nuPropostaSeguridade": 11211,
            "sgSituacaoProposta": "GER",
            "deSituacaoProposta": "PROPOSTA GERADA ",
            "deAcaoFluxoServico": "GERAR PROPOSTA NA EMPRESA",
            "deFluxoServicoSeguridade": "CONTRATACAO",
            "deMotivoSistema": null,
            "icMonitoracao": "S",
            "icNegocial": "S"
        },
        {
            "dataEvolucao": "09/04/2025 13:24:25",
            "contrato": "12460",
            "nuPropostaSeguridade": 11210,
            "sgSituacaoProposta": "GER",
            "deSituacaoProposta": "PROPOSTA GERADA ",
            "deAcaoFluxoServico": "GERAR PROPOSTA NA EMPRESA",
            "deFluxoServicoSeguridade": "CONTRATACAO",
            "deMotivoSistema": null,
            "icMonitoracao": "S",
            "icNegocial": "S"
        },
        {
            "dataEvolucao": "09/04/2025 13:24:25",
            "contrato": "12455",
            "nuPropostaSeguridade": 11209,
            "sgSituacaoProposta": "GER",
            "deSituacaoProposta": "PROPOSTA GERADA ",
            "deAcaoFluxoServico": "GERAR PROPOSTA NA EMPRESA",
            "deFluxoServicoSeguridade": "CONTRATACAO",
            "deMotivoSistema": null,
            "icMonitoracao": "S",
            "icNegocial": "S"
        },
        {
            "dataEvolucao": "09/04/2025 13:24:24",
            "contrato": "12452",
            "nuPropostaSeguridade": 11208,
            "sgSituacaoProposta": "GER",
            "deSituacaoProposta": "PROPOSTA GERADA ",
            "deAcaoFluxoServico": "GERAR PROPOSTA NA EMPRESA",
            "deFluxoServicoSeguridade": "CONTRATACAO",
            "deMotivoSistema": null,
            "icMonitoracao": "S",
            "icNegocial": "S"
        },
        {
            "dataEvolucao": "09/04/2025 13:24:23",
            "contrato": "12448",
            "nuPropostaSeguridade": 11207,
            "sgSituacaoProposta": "GER",
            "deSituacaoProposta": "PROPOSTA GERADA ",
            "deAcaoFluxoServico": "GERAR PROPOSTA NA EMPRESA",
            "deFluxoServicoSeguridade": "CONTRATACAO",
            "deMotivoSistema": null,
            "icMonitoracao": "S",
            "icNegocial": "S"
        },
        {
            "dataEvolucao": "09/04/2025 13:24:23",
            "contrato": "12444",
            "nuPropostaSeguridade": 11206,
            "sgSituacaoProposta": "GER",
            "deSituacaoProposta": "PROPOSTA GERADA ",
            "deAcaoFluxoServico": "GERAR PROPOSTA NA EMPRESA",
            "deFluxoServicoSeguridade": "CONTRATACAO",
            "deMotivoSistema": null,
            "icMonitoracao": "S",
            "icNegocial": "S"
        },
        {
            "dataEvolucao": "09/04/2025 13:24:22",
            "contrato": "12442",
            "nuPropostaSeguridade": 11205,
            "sgSituacaoProposta": "GER",
            "deSituacaoProposta": "PROPOSTA GERADA ",
            "deAcaoFluxoServico": "GERAR PROPOSTA NA EMPRESA",
            "deFluxoServicoSeguridade": "CONTRATACAO",
            "deMotivoSistema": null,
            "icMonitoracao": "S",
            "icNegocial": "S"
        },
        {
            "dataEvolucao": "09/04/2025 13:24:22",
            "contrato": "12436",
            "nuPropostaSeguridade": 11204,
            "sgSituacaoProposta": "GER",
            "deSituacaoProposta": "PROPOSTA GERADA ",
            "deAcaoFluxoServico": "GERAR PROPOSTA NA EMPRESA",
            "deFluxoServicoSeguridade": "CONTRATACAO",
            "deMotivoSistema": null,
            "icMonitoracao": "S",
            "icNegocial": "S"
        },
        {
            "dataEvolucao": "09/04/2025 13:24:21",
            "contrato": "12434",
            "nuPropostaSeguridade": 11203,
            "sgSituacaoProposta": "GER",
            "deSituacaoProposta": "PROPOSTA GERADA ",
            "deAcaoFluxoServico": "GERAR PROPOSTA NA EMPRESA",
            "deFluxoServicoSeguridade": "CONTRATACAO",
            "deMotivoSistema": null,
            "icMonitoracao": "S",
            "icNegocial": "S"
        },
        {
            "dataEvolucao": "09/04/2025 13:24:20",
            "contrato": "11688",
            "nuPropostaSeguridade": 11202,
            "sgSituacaoProposta": "GER",
            "deSituacaoProposta": "PROPOSTA GERADA ",
            "deAcaoFluxoServico": "GERAR PROPOSTA NA EMPRESA",
            "deFluxoServicoSeguridade": "CONTRATACAO",
            "deMotivoSistema": null,
            "icMonitoracao": "S",
            "icNegocial": "S"
        },
        {
            "dataEvolucao": "09/04/2025 13:24:20",
            "contrato": "12425",
            "nuPropostaSeguridade": 11201,
            "sgSituacaoProposta": "GER",
            "deSituacaoProposta": "PROPOSTA GERADA ",
            "deAcaoFluxoServico": "GERAR PROPOSTA NA EMPRESA",
            "deFluxoServicoSeguridade": "CONTRATACAO",
            "deMotivoSistema": null,
            "icMonitoracao": "S",
            "icNegocial": "S"
        },
        {
            "dataEvolucao": "09/04/2025 13:24:19",
            "contrato": "12423",
            "nuPropostaSeguridade": 11060,
            "sgSituacaoProposta": "GER",
            "deSituacaoProposta": "PROPOSTA GERADA ",
            "deAcaoFluxoServico": "GERAR PROPOSTA NA EMPRESA",
            "deFluxoServicoSeguridade": "CONTRATACAO",
            "deMotivoSistema": null,
            "icMonitoracao": "S",
            "icNegocial": "S"
        },
        {
            "dataEvolucao": "09/04/2025 13:24:18",
            "contrato": "12421",
            "nuPropostaSeguridade": 11059,
            "sgSituacaoProposta": "GER",
            "deSituacaoProposta": "PROPOSTA GERADA ",
            "deAcaoFluxoServico": "GERAR PROPOSTA NA EMPRESA",
            "deFluxoServicoSeguridade": "CONTRATACAO",
            "deMotivoSistema": null,
            "icMonitoracao": "S",
            "icNegocial": "S"
        },
        {
            "dataEvolucao": "09/04/2025 10:59:20",
            "contrato": "12585",
            "nuPropostaSeguridade": 11235,
            "sgSituacaoProposta": "GER",
            "deSituacaoProposta": "PROPOSTA GERADA ",
            "deAcaoFluxoServico": "GERAR PROPOSTA NA EMPRESA",
            "deFluxoServicoSeguridade": "CONTRATACAO",
            "deMotivoSistema": null,
            "icMonitoracao": "S",
            "icNegocial": "S"
        },
        {
            "dataEvolucao": "09/04/2025 10:09:10",
            "contrato": "12415",
            "nuPropostaSeguridade": 11057,
            "sgSituacaoProposta": "GER",
            "deSituacaoProposta": "PROPOSTA GERADA ",
            "deAcaoFluxoServico": "GERAR PROPOSTA NA EMPRESA",
            "deFluxoServicoSeguridade": "CONTRATACAO",
            "deMotivoSistema": null,
            "icMonitoracao": "S",
            "icNegocial": "S"
        },
        {
            "dataEvolucao": "09/04/2025 10:09:09",
            "contrato": "12412",
            "nuPropostaSeguridade": 11056,
            "sgSituacaoProposta": "GER",
            "deSituacaoProposta": "PROPOSTA GERADA ",
            "deAcaoFluxoServico": "GERAR PROPOSTA NA EMPRESA",
            "deFluxoServicoSeguridade": "CONTRATACAO",
            "deMotivoSistema": null,
            "icMonitoracao": "S",
            "icNegocial": "S"
        },
        {
            "dataEvolucao": "09/04/2025 10:09:09",
            "contrato": "12411",
            "nuPropostaSeguridade": 11055,
            "sgSituacaoProposta": "GER",
            "deSituacaoProposta": "PROPOSTA GERADA ",
            "deAcaoFluxoServico": "GERAR PROPOSTA NA EMPRESA",
            "deFluxoServicoSeguridade": "CONTRATACAO",
            "deMotivoSistema": null,
            "icMonitoracao": "S",
            "icNegocial": "S"
        },
        {
            "dataEvolucao": "09/04/2025 10:09:08",
            "contrato": "11686",
            "nuPropostaSeguridade": 11054,
            "sgSituacaoProposta": "GER",
            "deSituacaoProposta": "PROPOSTA GERADA ",
            "deAcaoFluxoServico": "GERAR PROPOSTA NA EMPRESA",
            "deFluxoServicoSeguridade": "CONTRATACAO",
            "deMotivoSistema": null,
            "icMonitoracao": "S",
            "icNegocial": "S"
        },
        {
            "dataEvolucao": "09/04/2025 10:09:07",
            "contrato": "12407",
            "nuPropostaSeguridade": 11052,
            "sgSituacaoProposta": "GER",
            "deSituacaoProposta": "PROPOSTA GERADA ",
            "deAcaoFluxoServico": "GERAR PROPOSTA NA EMPRESA",
            "deFluxoServicoSeguridade": "CONTRATACAO",
            "deMotivoSistema": null,
            "icMonitoracao": "S",
            "icNegocial": "S"
        },
        {
            "dataEvolucao": "09/04/2025 10:09:05",
            "contrato": "11684",
            "nuPropostaSeguridade": 11051,
            "sgSituacaoProposta": "GER",
            "deSituacaoProposta": "PROPOSTA GERADA ",
            "deAcaoFluxoServico": "GERAR PROPOSTA NA EMPRESA",
            "deFluxoServicoSeguridade": "CONTRATACAO",
            "deMotivoSistema": null,
            "icMonitoracao": "S",
            "icNegocial": "S"
        },
        {
            "dataEvolucao": "07/04/2025 10:09:08",
            "contrato": "11684",
            "nuPropostaSeguridade": 11053,
            "sgSituacaoProposta": "GER",
            "deSituacaoProposta": "PROPOSTA GERADA ",
            "deAcaoFluxoServico": "GERAR PROPOSTA NA EMPRESA",
            "deFluxoServicoSeguridade": "CONTRATACAO",
            "deMotivoSistema": null,
            "icMonitoracao": "S",
            "icNegocial": "S"
        }
    ]
}